{"loss":10,"_wandb":{"runtime":8},"_runtime":8.191968667,"l_task":9.8125,"l_pref":0.189453125,"l_geom":0,"_timestamp":1.772675215203701e+09,"_step":6}