{"l_pref":0.26953125,"l_geom":0,"_timestamp":1.7726748410829508e+09,"_step":6,"loss":11,"_wandb":{"runtime":12},"_runtime":12.631511792,"l_task":10.75}